frequency,mv13_f090,mv13_f150,mv14_f090,mv14_f150,mv20_f090,mv20_f150,mv24_f090,mv24_f150,mv28_f090,mv28_f150,mv32_f090,mv32_f150,mv34_f090,mv34_f150,mv49_f090,mv49_f150
0.0,-0.014163686762035731,-0.019565319131269805,-0.02534832171673843,-0.03435952179445108,-0.04837563149204656,-0.017746295165150253,-0.007172644370521402,0.006872148623422417,-0.021043681351145826,-0.01091713072078863,-0.02225692255015592,-0.018921491642449162,-0.10443105123919758,-0.010560972340230798,-0.018587265067287258,-0.014668650715457261
1.0218562874251498,0.022651081011030257,0.034559131119193884,-0.021102129256640133,-0.02712286973352859,-0.037777337495234105,-0.00016561903495954965,0.049410994711965764,0.09889209195400543,-0.007285958771944016,0.012417324685166358,-0.010943887581214777,-0.002112774951594995,-0.08032683531398402,0.007763626423839606,-0.0022824751649596817,-0.005977464918127107
2.0437125748502996,0.18342242027550137,0.29353749449522226,0.00782478615450127,0.019874165404613633,0.010936694894337394,0.06775455369090465,0.21554526096094573,0.37429495275457403,0.06613187927068266,0.11624743198656885,0.04231207403344222,0.07201838566225606,0.04491572616709409,0.07695060590970744,0.05795338155374349,0.04383163219457124
3.065568862275449,0.23700762288825425,0.4451428125291579,0.1018775252882922,0.17098862744710114,0.03379937375115962,0.06896911654209388,0.06474052131641245,0.14426520000288037,0.10882224101589778,0.14132551518345082,0.07240705964288474,0.09293435282186856,0.08845295844568571,0.06971928678846016,0.051962559344521424,0.11238354379809928
4.087425149700599,0.17039911408137007,0.21686179677428322,0.13036166360844254,0.2277912105935364,0.03602328740573839,0.041344427424983954,0.052806526260822946,0.06380627838280749,0.05634992943763575,0.05184628608536215,0.045254410901124587,0.026577977172445366,0.09166248685905014,0.03476857768760514,0.12487904582216054,0.2690521372767454
5.109281437125748,0.13709685847054728,0.026159871934082084,0.11195551019864203,0.12270736942608088,0.027699355154199957,0.02220842057742305,0.011786697918293374,0.03186994151425496,0.051525531000485694,0.03221918363510723,0.017471659576783434,0.02091237609475489,0.19591704231654902,0.04955784351708161,0.14551222879449832,0.30561565981681027
6.131137724550898,0.055593808178842005,0.04027176077248981,0.05015886033363033,0.0821611379595899,0.023904248115094725,0.014027021014746826,0.033699185053611795,0.020705485484347533,0.06559234545967371,0.048657783402577315,0.017051999492290918,0.013378145184733256,0.12789529104462194,0.0319212298383795,0.12226503973265551,0.2298160363558068
7.152994011976048,0.05882945706755613,0.06592995051624917,0.041464543935237644,0.07438876221351338,0.030925433196338593,0.010958358215694661,0.009448208082256054,0.015396346514699465,0.03849001049674334,0.03213738013167954,0.015356258476373934,0.016353300103737454,0.14854055179067296,0.043704300270977214,0.08981783282100626,0.11962247858529965
8.174850299401198,0.05717190653344788,0.04098963503276307,0.09742484946175223,0.06435015948368221,0.02610736025947722,0.009628107461405992,0.007509503182756914,0.016120552855807223,0.04824774276103852,0.03636615306495423,0.014799940932274306,0.021213549529471246,0.07385736753127925,0.024169791215061447,0.09905442203083029,0.1599498143115159
9.196706586826348,0.05341192402390614,0.058884988489711576,0.04326562846339705,0.04181779191006928,0.009369597188730924,0.007590537817451762,6.867680807248721e-05,0.008556062035750092,0.035274917937592784,0.027393143073770273,0.012473458748849107,0.020804703694387094,0.06525374861555801,0.012517202323892763,0.13539849894695807,0.14154834966686625
10.218562874251496,0.06753046935654763,0.027640702066975244,0.07669845799298758,0.034512866400785464,0.016511794053961092,0.008289501538134172,0.005549229745461463,0.01189266480575435,0.06359590035747961,0.05714164548566716,0.014314422989654426,0.02212437334915793,0.10022937299614015,0.016956610198498614,0.07058517774956605,0.1283706419963919
11.240419161676646,0.054991910690299725,0.012399463153858424,0.05549872093711583,0.028475209199330845,0.010394343864687662,0.00892847870002279,0.015453460145960437,0.013448288767642645,0.057517249167936595,0.05764038163064174,0.007037948986923614,0.011078472210182874,0.0371255991660258,0.007815732400081897,0.060500948316268656,0.07478153236731937
12.262275449101796,0.03259541713795009,0.02094243610428529,0.05134562529371002,0.023510138023740666,0.013033824789410934,0.008010047368224202,0.02383611434962358,0.02119512889668012,0.06030331228693449,0.06178865981291155,0.0040921246488978555,0.0006635783374626669,0.0720959615729537,0.016281612226372366,0.03479377160696985,0.007087230712459201
13.284131736526946,0.07126775969093152,0.04333438898996197,0.0865067217877968,0.032184333334489355,0.012603412642476566,0.006474976960982501,0.031962352309180535,0.026570146833962808,0.05218616425776075,0.0457713454453906,0.004061897240145749,0.002643763657862559,0.002821835004268847,0.004424889891686017,0.096500010086273,0.10385520062102731
14.305988023952096,0.07673316221941172,0.03548332331085884,0.1303705952523663,0.051112298138540846,0.010251993715770824,0.003470744226039566,0.002708264780127495,0.007772952041463266,0.0673505164880905,0.04730975405350687,0.001993973940993506,0.003188641944719288,0.0357510260902006,0.009533332547198889,0.0758503698551091,0.16842707132746243
15.327844311377246,0.06271563434091726,0.01650685402215357,0.044677053609486435,0.015301844955120948,0.01625018385786004,0.0020360926998320115,0.0047162879897525165,0.014854992670978997,0.07153016020856365,0.04640454809712702,0.00012471858282717932,0.0029379836357340426,0.0023104469797849054,0.006542619494933364,0.034051485815637904,0.113742309501295
16.349700598802396,0.04102598810999646,0.018346511409239007,0.06161336065822139,0.016928689322632553,0.00836075492545958,0.004068386436894158,0.010765680338222405,0.0028081641518386013,0.028720639521182652,0.02449095530543291,0.0010954582168067667,0.001590629688808913,-0.005707474179121535,0.0038693546117061326,0.02629134462902634,0.0807535506728552
17.37155688622755,0.02583350915437758,0.012482026719156318,0.051317242520415696,0.016286733802013387,0.0038710686653157917,0.006687664356486194,0.010625455056454082,0.009045856405211659,0.016872905497638698,0.01535644064970411,0.0014058906975073842,0.001911343375048676,0.03270168116634065,0.006013821576550174,0.021949848811350876,0.02873004479988165
18.393413173652696,0.018248413666962556,0.0018802794996851048,0.01755539957412099,0.016262614053051443,0.003345581472192555,0.00776200369298747,0.010412708079805376,0.010109143096104077,0.052038008022995144,0.02926987063255839,0.003954935214795176,0.003019921138322541,0.07949383589528324,0.014904709684272583,0.056871000923930576,0.07686524078578635
19.41526946107785,0.01953610190524925,0.011497056182693527,0.05289003151085436,0.02102440176157783,-0.0004581798481545543,0.0021594154008230926,0.024035600594616482,0.016424950140995764,0.045534591115551866,0.02866662171769946,0.00203088707043557,0.002825008854649968,0.010016150928688851,0.0003903655457775247,0.09131988545594938,0.12212114161253182
20.437125748502993,0.023829925643453834,0.0037654414959513126,0.06804017610913746,0.01903770024568837,0.006147796636209543,0.0023138171472326446,0.015873480385640053,0.013623299584555782,0.023846340405273295,0.01317995155395518,0.004310955495659708,0.005180735632561301,0.047344909564988887,0.012426772699556998,0.026538542310313853,0.0581894369657633
21.458982035928145,0.02806740071981379,0.016437392216713042,0.01689575730783001,0.011418025023138151,0.010628397740079383,0.0062596179977519,0.010617573055232027,0.005493184573565153,0.027106691460633735,0.02429029461529418,0.0040640880846066554,0.004247764729332512,-0.0008385934820697579,0.003692208700896624,0.017143613843550287,0.029201591011053993
22.480838323353293,0.009627337098029796,0.005885172477218752,0.022455400405113346,0.014782189212957932,0.013528267664320252,0.002453291245398081,0.009647667054044505,0.01040577467270295,0.02209139853510854,0.019084036935297796,0.002000927587845465,0.004592255051987143,0.016207117401692752,0.005569041440288747,0.013090831373356905,0.012317744568893604
23.502694610778445,0.031783185532849575,0.004661737256214276,0.04058611892543442,0.013654168541910372,0.012948498799912427,0.0008498465204676122,0.015886085219382638,0.012232512271259276,0.03662332988379194,0.020113913735256107,0.0038324315807446137,0.006590202168189515,0.07904233106329521,0.0195664880782776,0.02403166279591287,0.06425706938251907
24.524550898203593,0.03942161668433064,0.010450908142078927,0.03209782231413419,0.015016321968624562,0.01579508690966175,0.0019319445657592688,0.010405031622657098,0.010006917293112216,0.026071091479586198,0.016015448285547088,0.0053309921998880684,0.005040134929375134,0.046404000362708295,0.008889896501538621,0.010017471084072775,0.027373837161002227
25.546407185628745,0.03180082670870571,0.00567852575004056,0.010899728655122736,0.0053622171519693545,0.023939927238010323,-0.0001012838609388404,0.019629147580142246,0.009716521538240918,0.012085768189650035,0.009367919532329353,0.004982694006227863,0.002472487360258271,0.04432874433058849,0.005924821562139122,0.018633207840139797,0.011125159972799357
26.568263473053893,0.022625376871621503,0.005846015863021497,0.019914365933346487,0.003813645896818993,0.006322025404210529,0.0034279068552507323,-0.0011185257976205469,-0.003308813188312019,0.017606762961960985,0.007600694379191415,0.003907313185473098,-0.0005902340158475384,0.04662378402464954,0.0027426026020306044,0.016109708899400724,0.046567155744483106
27.590119760479045,0.017609747575776317,0.0017521759825599563,0.03816856568563589,0.00808859589759663,0.009302885397756052,0.004557326099709272,0.0019611538717697265,0.007707895835855291,0.016010850265631527,0.008700347067466316,0.0015806679604296035,0.0005932024697844155,0.0005978133921343106,0.0026438096263385353,0.0130641577035036,0.024229211603240448
28.611976047904193,0.019175476728476904,0.006361607919333382,0.021061838814471382,0.009910786836996666,0.014695135372820111,0.0018074303343816134,0.005263843438000084,0.008352452292149077,0.03568705546960371,0.021430394595518452,0.0039026371041572102,0.003930804247987154,0.04159087022502988,0.0013243151885741341,0.03800790972277492,0.0216164661564374
29.633832335329345,0.022289875669756064,0.0014274495501822766,0.0277269924740825,0.010200150313644398,0.009053697927094335,0.002115584413364027,0.009250031764397454,0.005666113558201221,0.05005888113465136,0.027167809366978022,0.0038974035091398785,0.0002780100160759769,0.030231505712704422,0.006179942448560567,0.024809296687771515,0.00788088382322121
30.655688622754493,0.020490299079883333,0.0015356519373920532,0.04272845945116356,0.014766561788117737,0.01467227353670431,0.0018054001187446755,0.005775318308884767,0.010588595869640682,0.03455098957127781,0.022346444419888055,0.002285064346037255,0.001568538749910309,-0.005994187382067377,0.0027487436836505213,0.020885298488190415,0.013255973245803443
31.677544910179645,0.04191524704463322,0.01189176219165656,0.06538870534334423,0.018784668912956944,0.0029755581925431152,-0.0001697786435506972,0.013493423867332037,0.005384907113909852,0.03327245688336811,0.023304649189211515,0.0012846445546126494,0.008032087873914009,0.01599355786019455,0.002059456485493342,0.012573075164584335,0.01250016097087755
32.69940119760479,0.03429851522290397,0.01296543407496103,0.039119138590917084,0.008054389258857054,0.0023427630991038487,0.0006181977710669238,0.01581481064348377,0.007898364264990113,0.01660911311112958,0.010961410339915007,0.0022323940519079653,0.007562731429836278,0.02294404429556636,0.0037235940411529064,0.015142044755516894,0.011700467859515722
33.721257485029945,0.03209142589291594,0.013976555926105645,0.008149642253404444,0.0071173543631706145,0.0072192410837258365,0.006980305047069316,0.01738159855469779,0.009451941355606067,0.03378753186719234,0.021740393603277123,0.004671233259628815,0.0005067571391481696,0.02694367118253897,0.005196365981071163,0.04830446057921702,0.033086384086627674
34.7431137724551,0.030093315295577013,0.012934817103833481,0.006718868748774938,0.007135704178319375,0.013732241429903579,0.010217661892012505,0.013511064167807486,0.011044951671794036,0.037544029247575064,0.02976966839546262,0.005927207872708246,0.0011536834323814479,0.05365924816110132,0.018983480175448045,0.010753847755594143,0.02773223329462315
35.76497005988024,0.015584439825513177,0.0068839906103542155,0.004230616929448708,0.006278407666075588,0.02078284751482015,0.009787372970124428,0.018662329797143,0.024969516199218274,0.02648391660525201,0.02125303781478883,0.002374658212984145,0.005441942547137064,0.0014615301874658173,0.007522990715460756,0.019335304868246764,0.024902501744540447
36.78682634730539,0.014457485372111051,0.01133937818307698,0.0008473493208161965,0.0010567297093620309,0.011236994899856509,0.003232286140267514,0.008985986900169673,0.0074810381860353934,0.02160715843303508,0.012357846989852556,0.0004909000651783608,0.0032217300508112206,0.0272623039171349,0.009684409804656504,0.029809787183843812,0.03622162517318034
37.808682634730545,0.021345126224946085,0.01384292906617058,0.021708851607902622,0.00967195406425795,0.015890354856680423,0.0018848649475724794,0.0025764894140166477,-0.001401500425326544,0.015050196464465836,0.007437677355966032,0.0010341604028183012,0.0002486235528994423,-0.007057766552114391,0.0046927227902158215,0.030369862189922683,0.007766388882635102
38.8305389221557,0.01780824637384962,0.01072664697796522,0.014918823402349903,0.009670873950770625,0.012553297234455446,0.003740067085390231,0.0072004630282752145,0.001127966668739558,0.021511184534725582,0.014710312854079255,0.0004634074248358478,0.0013767160140063053,-0.013013245663712677,0.0042096010177838025,0.011320617107635088,0.023981217605055106
39.85239520958084,0.007197116506169578,0.001094955643080264,0.010084339516516765,0.007903544494186496,0.014452515920859823,0.00464975150203129,0.009820491109005208,0.0016059820125287475,0.012243258725584644,0.0045025763342581085,0.0005798920687365947,0.0023334514031805604,0.009282317791623198,0.003418189075071684,0.016351706147121066,0.0020318953840481727
40.874251497005986,0.025808213399771244,0.007161809773087364,0.017950779554816384,0.01325833859590516,0.00844833946901931,0.0038989385861305415,0.006321559331077894,0.0047205260236900535,0.013013152366913623,0.003406874864782597,0.003244073125553529,0.004524596052237028,0.006098246930329006,0.004365939387779007,0.015755471809698128,0.011398596885172179
41.896107784431145,0.024957539227413898,0.0026491429975596466,0.031812966624116805,0.010357103698521313,0.004187441619647868,0.004573304369647249,0.005920759425292923,0.002963522624283945,0.01827118159659925,0.007798129707345407,0.004761042625337679,0.005907975657472092,-0.010070400544743176,0.0021096826113097,0.019375951792177215,0.03362281535900565
42.91796407185629,0.00895253690658986,0.002612528959660812,0.018872036210779757,0.013229204795496021,0.007429478016134624,0.0017968685019652826,0.008931259141776076,0.008158458657138615,0.01599320133320935,0.007849804454378122,0.0038102074805440858,0.001660773037180186,0.0073192604653793,-0.0026842234483852438,0.010971836583661567,0.004748383862449913
43.93982035928144,0.014842115822513742,0.01238309863202545,0.0016128633772447905,0.007578019242748795,0.011145690638066457,0.004583326388533571,0.006910273700758159,0.004702560092883385,0.013508413364427853,0.007309332797270525,0.0014758619869940665,0.004276190732732986,0.007305183079100519,0.0005719034672772753,0.017044442657091964,0.0296208795102609
44.961676646706586,0.008130782715810405,0.015457773352441832,0.01232630929522051,0.0035985343518560556,0.007875297873610456,0.005483075349652273,0.0011915321886782906,0.0035748768846060315,0.02309041380423076,0.010614700916297575,0.0017499264278522646,0.0028169236901220158,-0.01977099559394657,0.001140202733709017,0.007321807643820172,-0.0055571481254200845
45.983532934131745,0.014413778253872606,0.006473205271688059,0.012461291565787536,0.0038573538234813083,0.014951516613368777,0.000796310631005505,0.001306800068693998,0.0017825178278565727,0.023973827764750048,0.008427800601695847,0.005778883398637415,0.003644116190845369,-0.009394774033674348,-0.00023212837776650095,0.010564080049713785,0.0005066031975360438
47.00538922155689,0.014506953783680023,0.005176985660393052,0.01899269432040516,0.009763219609129332,0.014521387512180545,0.001967220531801393,0.004540118255683529,0.005475545116893817,0.01722331423166624,0.003229722171535613,0.00691103436362889,0.0028047534669955227,0.0017679235402317862,0.002709864520622578,0.010851487644351065,0.006241540281614111
48.02724550898204,0.01093062727294094,0.016463557262066005,0.013830891655344702,0.002059071468695949,0.007628464850779168,0.003579884883780901,0.005077882363948411,0.00372786411155834,0.014107507972634247,0.002629742331170029,0.003138980388799588,0.005259850538706465,0.001510932418454142,0.007501388154180298,0.007920549380957641,0.008664954606829426
49.049101796407186,0.007449664995498273,0.02250575958791423,0.01952123663561532,0.009012066273936938,0.0057073852884368574,0.0012953154502555778,0.006350851726940381,0.004232012357879961,0.01689080539397273,-0.000503883470135285,0.004836922734919542,0.0071629791760561765,-0.0076331517197924725,0.0015276455384605418,0.011876004195867361,0.0004253116558202689
50.07095808383234,0.015019591073060825,0.01580586205363523,0.021146612521064142,0.009485413567399903,0.020390822915279792,0.0023077219034240847,0.005818107437655071,0.0015634966114871094,0.018249866651050124,0.0062621584752055055,0.006691675590041324,0.0057700608170843225,0.010887716220600838,0.0032794679355807976,0.011706936433066193,0.0050058213791493895
51.09281437125749,0.012642518302838999,-0.0017832879752963304,0.0035994158823775563,0.004701162097382404,0.013883156167179472,0.0009140838931218631,0.006621078853863405,-0.0005534704116955146,0.02185933278812558,0.009508824477269714,0.00402873316849256,0.00527558748231489,0.002133352057231419,-0.0009571952856067303,0.008154431980449434,0.0079796360978078
52.11467065868264,0.005321856701003047,0.005712826986178469,0.000925015443792817,0.0019479708328005785,-0.00498024947336419,0.0037009613075411887,0.006693275530927403,0.00180348330249257,0.020411279726718388,0.006103463656695658,0.003471313446326947,0.0036353890661540563,-0.006344689322432694,-0.00038247964072222183,0.018875876519037927,0.03699113220849976
53.136526946107786,0.003304788126992316,0.004426802879144897,0.007998665354752106,0.0024627593919941074,-0.00041157808954968446,0.0030113078277384494,0.001997145555624801,0.006101511072150658,0.008027378650669995,0.004320277643270689,0.0019410759004095841,0.003910931905468264,0.012346926121938847,0.001550899717140177,0.0067441948706513585,0.03705260893615734
54.15838323353294,0.005578751330593382,0.0005880377040210188,0.021082237383776604,0.004952927268830166,0.0071615741828452446,-0.00010733714969628697,-0.003106292491264601,0.010414252915155828,0.013804549405265439,0.0072078261285530194,0.0018189621830439033,0.00649255440937898,0.01793894038808047,0.004444620205495068,0.03844807171317666,0.06236679881088671
55.18023952095809,0.00924281139610499,0.007072379599781463,0.026171565532445772,0.008576648832434104,0.012977308856481585,0.0023070560783119685,0.0009619602363514195,0.006122824100924842,0.011724582303986437,0.009907419070717034,0.003223906096992705,0.003418895196431013,-0.015949210102655716,0.0037615528406244767,0.04736858652086109,0.03593869321817903
56.20209580838324,0.007813914968054489,0.002181703522473771,0.020406026915694993,0.006364865334340369,0.0032289053781707666,0.0032450936112129285,-0.000602351557456436,0.002081647361594332,0.008380989574017119,0.0042401290935500085,0.001321989156301009,0.0017776313060731326,0.01572031185562474,0.0021553111385427784,0.017953681520337973,0.02960803290483295
57.223952095808386,-0.00015848093741096644,-0.003141607226736518,0.0022782550408391444,0.01045735516775556,0.008255054826237737,0.004249816962229126,-0.0024317980291329766,0.0036147700141697975,0.005518940928997655,0.002218950552688146,0.003867258717127481,-0.0013237926526799507,0.012242696704894758,0.005180215007851936,0.007469972941969687,0.011266264740265226
58.24580838323354,0.0035750276344304866,0.010506084506185707,-0.0009831612097762684,0.00517993810622669,0.011654391449025452,0.005019433457783049,0.0018348333405332775,0.004825023791764412,0.01289132884858157,0.0070971986496525235,0.0008599179148941704,-0.0005784053632256229,0.021053725495403044,0.0073791480742056124,0.006289094091536235,0.02072072822893429
59.26766467065869,0.0012643697345800652,0.009777853228682342,0.007497683811273194,-0.002352773943175063,0.0033768698191083257,0.005554124504599589,0.007656257344145412,0.009359987077731103,0.0056682504183945895,0.0009462320050386596,-6.902817125115134e-05,0.00332348450600778,0.027446787926033837,0.00438980479855572,0.005379891492152455,0.00554455547075836
60.28952095808384,0.0038135110843103698,9.238660734153915e-06,0.012882001263851925,0.00048451578395482893,0.005623030158314364,0.00749731976700876,0.00933922118658307,0.0029033105508724437,0.010309190401972267,0.004111150994428195,0.0005766333059175986,0.001745465833493,0.0033982485646952072,0.005989878464355773,0.0037466726786515732,-0.0003633122462096901
61.311377245508986,0.010497437727962602,0.014705024630474385,0.006284009279560389,0.0019933559414199377,0.015277402520245384,0.008837649880777647,0.0033511897653836346,0.0016850325248821596,0.012651827343888875,0.012291362412985079,0.0018597567732539788,0.002909320540925013,0.005789742569002429,0.012157806240802793,0.0010151035080790116,0.006588272254827377
62.33323353293414,0.007516827196020064,0.02137146717127237,0.0004666440790638552,0.004071132027018679,0.020877189446431417,0.007454571719181878,0.0006829627355813576,0.0031076800315127428,0.00942085306892679,0.00916812558539783,0.00458492373197882,0.0023730721670524695,0.006683368767954443,0.008115794945212387,0.018755146374472675,0.02084112828334722
63.35508982035929,0.009172883841890305,0.0036358172705744447,0.007894051993217063,0.0061056590695119555,0.015114164226732198,0.004160481357352307,-0.0028328523287176376,0.003734147331456789,0.009842863259425225,0.00730397147827561,0.00386598964345218,0.0028854991601498783,0.016546482544777655,0.011148802027006847,0.020335192339710834,0.008689650810566309
64.37694610778443,0.009339225414602744,0.007422721311723256,-0.0008982355157452223,0.0015040962749509471,0.01307634969216537,0.008621880014433115,-0.002051301542190216,0.010436828474266512,0.006268118640540856,0.004745705574457966,0.0017500403193927718,0.003679787243227867,0.007982194958927729,0.01236675608682735,0.01486836524599204,0.016105170892030507
65.39880239520959,0.015607212693275281,0.009133643018753171,0.003530945824576373,0.001486110637524876,0.009399440648700233,0.011875050451712343,0.0016448295109022946,0.008080355597442955,0.005094890655662725,0.0049190263833443874,0.0043139938107738945,0.001020526417651831,0.008798794648754295,0.015372197756262156,0.0026917250835267912,0.0018643498223148841
66.42065868263474,0.009117171208718904,0.003907878326718985,0.0020897201689812094,-0.0021389100746134673,0.006614072301622198,0.016871072611868203,0.006041995797923777,0.0009205040653101273,0.00873496384356886,0.005025633844902729,0.0072817395298463,0.0018507508741238813,-0.008308787366543429,0.018189328353979285,0.008982484975546464,0.02199699037000713
67.44251497005989,0.015456144667451288,0.0005850274475793154,0.0054299753421895225,-0.003556773657239238,0.005851343008835903,0.016390243545758652,0.0002347511465383435,0.0006180528156696101,0.010350447835314601,0.00566378857107997,0.0024564852452740498,0.0029354038599839778,-0.005813564331768697,0.02167053256270517,0.012282799556509476,0.027490280359101043
68.46437125748504,0.019223871950322758,0.012274891065032574,0.009386197457599497,0.004953630677363278,0.0032678405287883197,0.015710869443694472,0.007148054661305404,0.004371134064853476,0.014658219186284831,0.005288022556297733,0.0027646858169527487,0.001707887812518231,-0.005800783121826819,0.020083662756340617,0.013815290292161615,0.01796928618815406
69.4862275449102,0.02206550177614603,0.009528668933091186,0.010893429755740152,0.005245066629252709,0.003391746311863496,0.015608938773823277,0.005475766909428245,-0.00027702627664242694,0.021253500714205564,0.004844046624255121,0.007590066353776664,0.001584286550717138,0.0010752879471557625,0.018930900943855643,0.016601876174830756,0.01225386230868401
70.50808383233534,0.027205768967608658,0.0042573590327611,0.022956565325315825,0.0029261036882114975,0.012817901971485595,0.013543860441127022,0.009589561435475992,-0.00329868769771095,0.03481802331070459,0.005653084252503214,0.012907785374941975,0.0008671867274874171,0.009190135628387048,0.02024314933594244,0.017015739046443216,0.013581866199499823
71.52994011976048,0.052842782039407545,0.005826702503950782,0.03825964128222849,0.0036145782369078577,0.040919748916960236,0.009527506606213893,0.019045518255100067,0.0013859847693424743,0.08099419754406179,0.0079466477734675,0.02817116914429682,0.001151131736987177,0.01657131797492183,0.01901042726343256,0.0207944925798142,0.0024554675115725224
72.55179640718563,0.1136353503798782,0.0013757137830672547,0.08086569741994941,0.004709909137036729,0.08848823781666973,0.007786081573736799,0.05353213655441967,-0.001335638947558505,0.16744805496062673,0.009049453841536095,0.06433854754025255,0.0010128774842079029,0.07987949991646931,0.017682461943880522,0.05798527664343299,0.011474395240082228
73.57365269461079,0.24394172702482442,0.004555625415466866,0.1719313341034661,0.0030142358435499687,0.20873553239235845,0.007558135793267461,0.11815292462598175,0.0014798994495611331,0.2641827856833145,0.0054016308203968235,0.14171437264583606,0.0008116611480609629,0.22831651409584075,0.01380380717895366,0.17689859261962582,0.0012176749375566564
74.59550898203594,0.3856788335916258,0.016152075253059665,0.3177382662037744,-0.0011940022158109787,0.3831207945396629,0.0062795744035417725,0.2483101127451476,0.000497665962168179,0.3988157378621774,0.005182133596432587,0.2531868346390134,0.001731247549524413,0.31191116620735226,0.010167924282163494,0.4107577647696683,0.010154220236830528
75.61736526946109,0.46509433662108574,0.008235782099032214,0.47052789011859986,0.0036611541840468973,0.5134454132446005,0.006062068698627324,0.42147413280272866,0.0009578083276113392,0.564426301967489,0.006102716622713134,0.38161159341228856,0.002982565053660625,0.40657844837078366,0.009199426910008603,0.6557804693240247,0.010000409576815018
76.63922155688623,0.5301861769216879,0.009104691767148067,0.5910658898994048,0.005180861345318937,0.5647387612879612,0.0061424386752506124,0.5326298837325693,-0.0008349563467410921,0.6546429717198605,0.006476472900481735,0.49399679960045295,0.0033372528138705644,0.5853244384299887,0.007838244154859323,0.7171002609843613,-0.0030009603099666773
77.6610778443114,0.5706915631957968,0.0039017758520562885,0.7237100684850668,0.0027659814483057083,0.5975454577276208,0.002772517792317428,0.6245003686013242,0.004249494680533599,0.7258897214888852,0.008028310187512044,0.5702565238408887,0.0011015648270082182,0.7835353610422578,0.008385838797797024,0.6416494954352285,0.015542500712963996
78.68293413173654,0.5882019120371403,-0.0010575638312203938,0.8599872463060781,0.0022613296710848095,0.6569087826863544,0.0031077851224628147,0.7045069708657762,0.0018454194392928008,0.7941662066423549,0.005109301042161161,0.598647197503873,0.0005141600927394233,0.821012261836289,0.007829261541370019,0.6146789022024692,0.0009548767389590382
79.70479041916168,0.6012438251674284,0.00683897004157282,0.882356296497863,0.00017265772018378137,0.6618913817467454,0.002736905593081695,0.6977257314288333,-0.0013694612365100858,0.7297081678725172,0.0015223806610676982,0.5897905079231949,0.0010555629903369643,0.5957507267532063,0.005442206979835472,0.6680605187306424,0.0001953987716382647
80.72664670658683,0.6009447338034385,0.005578780342639704,0.7927999443428619,0.0027097357484187124,0.6006767033447793,0.0032496609663659505,0.6449706748672589,-0.004157897708332459,0.6467557040550025,0.0028643140463828344,0.5752735825851713,0.0027756344343254098,0.5749368913517003,0.003732538074339424,0.6161849403458007,0.006672145597987322
81.74850299401197,0.6048307976539122,0.004472670159891664,0.6815333542813117,0.005917256042510906,0.6141696831892268,0.0036823019777180175,0.6187099763885069,-0.003716100374460745,0.6355391751494543,0.001650448125323037,0.5631262930928772,0.001639844512862206,0.8049519331002416,0.006590398174172912,0.4798058217514432,0.010663573530675229
82.77035928143714,0.6710302081719962,0.008139101044124023,0.6049134753297299,0.011278592039474948,0.7094803125473342,0.0020932783464465586,0.6380296868067967,-0.00018321510249977538,0.6453797398454375,0.00463369637164492,0.593538489771186,0.0010291890152049137,0.7637219527145364,0.004633695978022956,0.5038801033769802,0.0011420078320964295
83.79221556886229,0.734962635400854,0.0035883869746202264,0.6361183229925337,0.0085831803390858,0.7938105154242932,-6.494610677878236e-05,0.6654752635954205,0.0061574702138303995,0.6992124151153511,0.004672476649062296,0.6385872198918294,0.0011086369629195749,0.5504035160585556,0.003519090954330616,0.6922964765301124,-0.0007683093397156227
84.81407185628743,0.7053382570768861,0.0011470763170742916,0.765747311300087,0.00424467386386171,0.7630839318885082,-0.0001256119814670799,0.6780926574708529,0.0021531408319498653,0.7927592463075149,0.003322463364896033,0.6687247327472394,0.0009192826841745175,0.6459844050031744,-0.0003770175272943181,0.7854426851701849,0.006897471290309523
85.83592814371258,0.6727978382321337,0.010890705955984332,0.8026214096878909,-0.001662867726128597,0.7282143881697231,-0.002187276272042449,0.7411105975777061,-0.004560242719714196,0.8556210798116234,0.0016650441810523392,0.712194890355077,0.003258468511000567,0.7692593015389444,0.0019776943400753116,0.6848911063967891,0.023911930867509243
86.85778443113773,0.7391800557973285,0.007842385773214292,0.7453716417150763,-0.0020934641138853397,0.8185650423823718,0.0014484176021526596,0.835270011242122,0.00480177515935373,0.926194641504157,0.0024588467520629074,0.7378998386081785,0.005864483324919486,0.7291161855809389,-0.0005135140009076311,0.7205602945557518,0.02693515682478684
87.87964071856288,0.7808668217147122,0.0007606550686904025,0.7852271180873958,0.00209495612501627,0.8304471827001092,0.0007344063308202338,0.840237242846383,0.007642325278077215,0.97633645868867,0.0034064817269478477,0.7558155028458365,0.0064735531240144376,0.781056445732635,0.00032050931095105583,0.9396712078634354,0.007888572331283046
88.90149700598803,0.7360642250731347,0.01663155747284374,0.9122118608541501,0.0025942738461888046,0.7315101029939783,0.0028618580913842653,0.800845463487396,0.0023098020959728825,0.9068106474142603,0.003137589621469779,0.7507466254859937,0.004182188483187292,0.6920089245499427,0.0033655182778333324,0.9006818729382984,0.001237793969372109
89.92335329341317,0.709285737544859,0.013051666102416605,1.0,0.0016126513869874869,0.7207537766547185,0.003963228483402416,0.8012451932533833,-0.0018696819977225899,0.7897615519529395,0.0012843631777125044,0.7216500211790065,0.005147064563408201,0.6707902017227921,0.003774630680980426,0.6712190714117665,0.01782854970423266
90.94520958083834,0.7373660089014543,0.0024577698196203935,0.9816119652449129,-0.0021613032683548217,0.7748783043631633,0.004897372870369638,0.7890976087423276,-0.0035346208999190746,0.7594128963719139,0.0020459838026951234,0.7557913715704915,0.0037794315400678097,0.9409307134717937,0.0007693870429980737,0.6588820278998259,0.020962543308593814
91.96706586826349,0.7887029983685869,0.0027566672558505248,0.8949378258566767,-0.0012222070448494517,0.8302754922307055,0.0004699469618868385,0.7680681991030652,0.00033905703532841226,0.7738367347133704,0.003596289903013498,0.8321791046869091,0.004997698739698995,0.7914170921395616,-2.9370947865154996e-05,0.7662155163680407,0.007403633790019054
92.98892215568863,0.8485891172676207,0.0029354927612153955,0.8421548172039228,0.0026482125657153396,0.8927828194628937,-0.0006797520117876435,0.8466532157160411,-0.001631773426129364,0.7659508379841565,0.0019374230392979917,0.8804121072401391,0.0020849116701819386,0.5849356112624136,0.00022965075820206195,0.7404443336421032,0.018017466338190975
94.01077844311378,0.8929532677085006,-0.0009831204684086125,0.875766826789105,0.0031970651564340855,0.9256866636806237,5.017468846390719e-05,0.9634286008252365,-0.0020157741459682233,0.8420704471677576,0.003976605459390245,0.9306281209456889,0.006651432239834632,0.8357383111311941,0.0010528492239823737,0.6719668558418288,0.009333619096701787
95.03263473053893,0.9094444926276335,0.007919704231251093,0.9610597088865376,0.0017990015880256964,0.975823906171027,-0.0006681398239139359,1.0,0.0005504785576935968,0.9345533325761438,0.002228336843618084,0.9913279184402941,0.007075145942297451,0.946096060752365,-0.0004890080228103772,0.7692612125022011,-0.003169856517890337
96.05449101796408,0.9350346026064643,0.0073557848645590335,0.9926011743500885,0.0018565332806332324,1.0,0.0036063612866734946,0.9877456000396715,0.001479915648029593,0.9043223183708379,0.003198786904788582,0.9779705780441569,0.009952823156620254,0.7762400254415065,0.00042303974777730394,0.926800246202473,0.00013919088086838596
97.07634730538923,0.9602727589799025,0.001039262396512516,0.9513623422520593,0.002009428769563945,0.9485150182395654,0.002524013199908017,0.9978255792364555,-0.0002452498791586651,0.9293402044220719,0.005626351286726029,0.9075849673498978,0.008838426201158675,0.6807427474971748,0.00036308040954020145,0.9437238829316157,0.008979551472261357
98.09820359281437,0.9585692181784089,0.0035576548123769426,0.9087966124260265,0.001368584620647869,0.9243867394220354,-0.0019260927128415468,0.9470635535162645,0.0005331522084239465,0.988071694780725,0.0033755693596514073,0.8799599576776106,0.007381964977939876,0.7033009822958314,0.004947481203443926,0.8824641494473319,0.013633889481759183
99.12005988023954,0.9384349004974011,0.0016888249473614124,0.9350117968702444,0.002014361025296518,0.9556981594067705,-0.0013254694522465507,0.8922999166050543,0.0036701495318417574,0.9178769720122367,0.0026027104004915425,0.8943431500459679,0.005317399177456551,0.9073402641050978,0.003223738589598616,0.9125031034263954,0.0014225786234692353
100.14191616766468,0.9326138314120443,0.0018409924821218924,0.9698250353524906,0.0010623130318799315,0.9607102777501033,-0.001963494316254029,0.9129392958139885,0.0010077821493063215,0.8796044671753421,-0.0004839990725329967,0.9152903935227756,0.00491078364693801,1.0,0.001032281397816655,1.0,0.0002436149529932853
101.16377245508983,0.954164427900336,0.007709120293812818,0.9656012241092079,0.0031481447595093606,0.9292718776727202,-0.0013706764309194446,0.9724302980788134,0.0012872947481557342,0.9104856101166582,-3.409022135892454e-05,0.9209145629679834,0.007794719064476166,0.7479064283377668,-0.002011527881462132,0.9203278087162653,0.0016864136677310383
102.18562874251498,0.9811961077968366,0.012451059781518274,0.9159785716418478,0.004532497060251669,0.9088937611678926,-0.0019990694618660714,0.983150451419756,-0.0021142286540464265,0.8917457968622245,-0.00032321523177193917,0.9262653856959243,0.006225639766812471,0.6901346131905945,-0.0006982941129889624,0.7801874373669946,0.0028968209653598845
103.20748502994013,1.0,-0.0017474811644452566,0.8346654742567167,0.00650488639955549,0.9252912640467288,-0.000980093757524251,0.9773965198453485,0.0029504906364634844,0.8828806608722143,0.0012524707870404802,0.9528937413680617,0.007820506090675566,0.9121544470064646,0.0008660913978107448,0.8359621419578575,0.00018588911491757172
104.22934131736528,0.9897426266220328,0.005987266919155217,0.7882725048321881,-0.0009486210457639813,0.9445561477582783,-0.0015615381097362191,0.9735629151575748,-0.00734367152662126,0.877589107487173,0.0002874666456314501,0.9681130024714115,0.009310467621056567,0.9387003945901328,-0.0005004874225457122,0.9398042092655539,-0.0020335882891803153
105.25119760479043,0.9466914463515166,0.012047659835150907,0.8128384884563044,-0.0008828612086850335,0.9092496238589155,-0.0014750687435873503,0.9493244437976228,-0.004615001135254266,0.836681692595986,0.0014739746643482722,0.9624335414459745,0.007548985572692422,0.7483430174574413,0.000944390510624857,0.8749661684589881,-0.004094727514573489
106.27305389221557,0.9040499181283174,-0.00022419260390701008,0.8417285228997817,0.004898973235432652,0.8393336210963721,-0.00012285025443353458,0.914720396362681,-0.001940894318662773,0.8116099458734104,0.0014372824311162913,0.9593027994590551,0.005881343488716459,0.6593095974713081,0.0020432689707329927,0.7872871015324452,-0.0022042738570482094
107.29491017964074,0.8337629620494472,-0.0023875551951460646,0.7595011425587733,0.010297290953598805,0.7649965739435954,0.0013605726778214522,0.8685001675400993,-0.003082488040059465,0.7421124969515988,-0.0001444618536844027,0.9221732482488497,0.005526091171025768,0.7939095715202225,0.002973661233836671,0.8625118709242138,-0.004959207715317031
108.31676646706588,0.6975647248700348,-0.001199944425539517,0.5702067759005361,0.008152615319785691,0.6789030077336992,0.0002949699373531903,0.7265445233302212,0.0006995155397249731,0.5743609342785022,9.18880031011691e-05,0.7884461031878531,0.004691054807149087,0.798381315967863,0.0006730188115629385,0.950645100029154,-0.002173214927084496
109.33862275449103,0.5377296665221757,0.00587636371422168,0.39811965928644877,0.003887478054052777,0.5514045917603495,0.0028887317250803147,0.5525008154044464,0.00043825873618430185,0.4207835404096155,0.0020510246779016843,0.6025367182036437,0.006589297787354221,0.5003474834865737,0.001387473157138365,0.8237711296703237,0.006682519265634794
110.36047904191618,0.4398562319848072,0.0011885398572230087,0.30109845367703614,0.006507839245324551,0.4553137245880887,0.0024463893689976065,0.4338646398827585,-0.002108558976784682,0.3374274221627356,0.0047765232763444295,0.4522033527904333,0.004145143247664001,0.2764324457127476,-0.0001969367495001026,0.6548527213457627,0.02040658592007099
111.38233532934133,0.39010768806659096,0.0012997004916780633,0.24689700530467537,0.007825687502899584,0.3677177546911779,0.001516961660941565,0.3478386296793266,0.004145955938133612,0.2633918598299524,0.002990473224692273,0.33792317016673246,0.004823837869102599,0.3279952283515603,-0.00018989235982777783,0.6197055255922574,0.018088457345636015
112.40419161676648,0.32239260531881986,0.004586990140718601,0.18713356193769445,0.003750385123240587,0.25197002651379435,-0.0005741287362690338,0.25603421222929407,-0.0011393036978997334,0.1724656404620049,0.0012588798191354527,0.23794349836952675,0.006161165108639106,0.349138953400742,0.0001438782736565003,0.5315218023378555,0.01693472919084755
113.42604790419163,0.2321863649224072,0.0054968538918610775,0.10704350431349531,-0.00018977426180948856,0.16853109197151828,0.000830989485085984,0.18334113671075128,-0.0011533660024440015,0.10380084365811243,0.0033753976422031375,0.15006354587799525,0.0056649158428804264,0.19111952602197646,-9.563042639481666e-05,0.33547624334956727,0.01910879529409957
114.44790419161677,0.1600660519972659,0.0024424003441213767,0.0474710793156607,-0.005619000293837288,0.11929898130807084,0.0004405555015201101,0.11899544437192452,0.0028364413055221105,0.06646097056600186,0.003788899986886006,0.0901245380373018,0.006773717885588011,0.061754782687455045,0.0017823488981011872,0.21561999433607154,0.000582542795419864
115.46976047904194,0.10244219805455576,0.00460121699141373,0.028165647422075932,0.0002476881565675538,0.07549564827607569,-0.0015906515111585545,0.07136074849704305,0.0005935476420425257,0.04273571740109595,0.0053705424123573035,0.05852985786697067,0.00783073673101357,0.04645800416804197,0.0017265166104872861,0.17864332013164463,0.012717721885832584
116.49161676646708,0.05318043037351717,0.004814221114761879,0.016474004418272677,0.002855332010855756,0.03838645368802851,0.0006903485579327935,0.039378235253838545,0.0064359727328500305,0.025230278322759758,0.004501482104080561,0.038824638014109396,0.008331516827837518,0.045915916375593106,-0.000711322484648738,0.11235152428865373,0.013684856460761874
117.51347305389223,0.03302818960952054,0.0004994896610807236,0.013811009502386756,0.0008004519791919156,0.007822351592430023,-0.0018778940959763694,0.0297113442195855,0.0029908899542822652,0.01525102818934088,0.007626999699218503,0.028039079140458598,0.010218831248686033,0.03210297522892085,0.0006760404440014109,0.04434556715929388,-0.002152291537438185
118.53532934131738,0.027087626549738116,0.006445249593469527,0.011731693630772191,0.0018185426699338625,0.0009517424842992236,-0.0013865081557030753,0.02039740904060071,0.00316324967504157,0.012585292438230561,0.007754519006521214,0.020958303054318193,0.008762919568479119,0.017355686349985626,0.0010790254673021158,0.018368969070426684,-0.005305984905365757
119.55718562874252,0.023479206908014,0.012124444069499484,0.007680391983191889,0.005546172960522888,0.009657739320729858,0.003247998816330836,0.009511337795089858,0.004584750460110091,0.010086009617853655,0.006038884137144054,0.018641190808703745,0.010586799705829826,0.00928826001714126,-6.723080274278607e-05,0.01367377566745573,-0.004908504870128185
120.57904191616768,0.017493044529826113,0.008275204390957705,0.0007647309544252394,0.002848915132041225,0.011695523156148985,0.0011072121414306567,0.005292968014984547,0.007388838961098134,0.00775551292341895,0.010853974521129234,0.0134560549709512,0.012250330914941748,0.01998013436035211,0.0007768867897052935,0.00585946422949892,0.01542506915774602
121.60089820359282,0.00787477471883496,0.007214988180676323,0.0013715358193411794,0.001957419004105431,0.010442425730726443,0.0004897282427413175,0.008875868388288872,0.006392270878940194,0.0051504301604779045,0.019901717121747972,0.013205140039477628,0.011668822284728384,0.02078704906103999,0.0019114500366185865,0.015488679779589558,0.045407030088283694
122.62275449101797,0.006577756032681012,0.01133929877187502,0.0012893178485204133,0.00919925051825241,0.011810656162436824,0.002807499860525988,0.008960801849182956,0.006422911463255431,0.006101021480869426,0.0360906142067489,0.010508493781106906,0.013945201036091887,0.012864829340840581,0.001399896532490518,0.0031633576493865566,0.029021445220171686
123.64461077844312,0.010344129468513081,0.015958356265492503,0.003803388539885926,0.0339687990643608,0.006728991199851637,0.003173792289430383,0.009925376384174022,0.020699148127726958,0.007443240280148213,0.06928934613096838,0.008832472413387601,0.021350372027979708,0.007455014766541615,0.0021002566160130158,0.00989202790410522,0.03351086627105267
124.66646706586828,0.004213881448749675,0.020157671412457768,0.003097539863817126,0.06322416315113875,0.0036754814497960593,0.007584703778603808,0.004340040677238268,0.027670286451143222,0.004173505875173386,0.11523761788872314,0.008898022284732236,0.03454368030849618,0.0048756875584362955,0.008056480829944045,0.0019909831397377387,0.007362505135982317
125.68832335329343,0.003449343620823063,0.030318013907429102,0.0015436303424975755,0.09323548828734407,0.015428446776944948,0.013467570737416584,0.0006317843093113553,0.060687890147135194,0.0012264474437126197,0.17813942362245272,0.008975446094993159,0.0635185570221642,-0.002289517118977352,0.01640011899425457,0.0012974942114834913,0.0009709134378550288
126.71017964071858,0.007115486272072101,0.04957241438117703,0.007790175152773944,0.14435808561123367,0.013231058996821688,0.028963532087663328,-0.0005202600634805582,0.10426987871543096,3.401552934350911e-05,0.26723558270305947,0.008924488759484449,0.11284015456744877,-0.024508982126509673,0.03307448047968739,0.0026665610257151297,0.014270289354653713
127.73203592814372,0.004928290803173224,0.09432408261693315,0.004358573001049535,0.2402888575646246,0.0024797013688169093,0.06015558127233851,-0.0006308728449199293,0.17439353991303744,0.0006380582424449534,0.3587770930979344,0.008970948255648295,0.18601091122901098,0.010046083969191186,0.06739860176261674,-0.001258666659903333,0.018315901304675444
128.75389221556887,0.00227139662185567,0.17178256349444193,0.002392800955948762,0.3825647454453264,0.00015619859486742734,0.11487790835521222,0.003472459632105176,0.25795103751171566,-0.0006132233552624167,0.46529607872825923,0.006926888271023352,0.2893572354122719,0.0070302937596267824,0.12240383597513638,0.001562955398088643,0.03885568858920694
129.77574850299402,0.0027070580835918596,0.2646568992176301,0.008886389365564176,0.5163022882663358,-0.0009561781342781067,0.19941796840527595,0.0002495524681834208,0.376060919128536,0.0011183506399027384,0.6091540533114663,0.00384097936091644,0.41916975778870547,0.005838079919704655,0.18774816635303554,0.007866637455817609,0.07393681784411715
130.79760479041917,-0.0022283592451464032,0.3364701288458184,0.0038251679074346547,0.5960467650425124,0.010030016384221841,0.3046489626233984,-0.0003222050437267884,0.5191807972521794,0.002343614357894479,0.7319715895545217,0.0035199051682082926,0.5688008343677039,-0.011983361425280439,0.26155871801835784,0.007327516506787115,0.14141308257242569
131.81946107784432,-0.0002556875663469987,0.4264871768981893,-0.0009737423260813774,0.6679886656189065,0.01251109049073558,0.3979856416010842,0.0054627554433152245,0.6503103912996174,0.0021757032257574862,0.8238731591774766,0.007564360275704888,0.704241169473117,-0.008257540580054448,0.356994905329242,0.004042368551986187,0.24328071569417675
132.84131736526948,0.0017386487972693204,0.583977515458635,-0.0005877428310993426,0.7899005203074271,0.0069922870786460955,0.4692096644596427,0.005995283603801629,0.7597413530662547,0.0010361596373727273,0.9107651512193309,0.00975887138948774,0.7915419567893197,-0.007213396921449223,0.49360989308643194,-0.002505224925260604,0.3602551119692432
133.86317365269463,0.001868496390456572,0.7175992839719589,0.0010447885205242208,0.9049884543558488,0.002053603678071096,0.5693813875658773,0.0030978025956395583,0.8385955808478727,-0.00029749188179063594,0.9459062192988015,0.006775949861719644,0.8480925775905866,0.014267435173140447,0.6689833325886357,-0.003470892283055935,0.45459817460642193
134.88502994011978,0.00376070207802402,0.7389687930494169,-0.002042346472570815,0.9402703208689179,0.0010730243033514374,0.7635675495327694,-0.005944011898482757,0.8919563613254624,-0.0008601510927875899,0.9508918857601847,0.005217848312884045,0.9008720886511712,0.01688956835848817,0.7791799858219784,0.0004316622640941443,0.5689574912179153
135.90688622754493,0.0006574697947239557,0.7407288341891349,0.001844152839935852,0.9066509266442387,0.0007888623876328918,0.945668634053129,-0.0024470570471535657,0.9380112145116175,-0.0008028402464269999,0.9761544012802379,0.0034027491763837787,0.9415035756195808,0.01213586113800598,0.7954907677666783,0.0016250752394399509,0.743127178808454
136.92874251497008,7.037353458313833e-05,0.8908277946084477,0.0023440155390470454,0.8796331975608378,0.011938119905961567,1.0,-0.0032901265379886905,0.9606254750821089,0.001541778815138192,0.9570414964212852,0.004347926684863144,0.9564041813523014,-0.014351893113551246,0.8242138694425074,-0.00017485828565347108,0.8128274113451085
137.95059880239523,0.0035513323669934082,1.0,0.0011997296590485623,0.9143320724603714,0.006013999147731091,0.9178070538812767,-0.00047212603434053867,0.9578778766449048,0.0035687516637286955,0.8980685410245279,0.008586516091856677,0.9560797020745295,0.00979632658711627,0.937112607393894,-0.0006753990468995935,0.7233787098069203
138.9724550898204,0.001505044082263944,0.9124284926049666,0.003217833768643055,0.9339023751295275,-0.0005431488762383286,0.8543627006842832,0.0016231308060667285,0.9296125544985405,0.0016852789446888737,0.8855362228673933,0.009531466958961003,0.9522001153698713,-0.013231703912524501,1.0,-0.0023055531180180373,0.7175116881963345
139.9943113772455,0.00029051115367625154,0.8091645002048705,0.007360278050468942,0.8789667554062728,-0.0025659731354624425,0.9257968864819449,-0.0014014390687063713,0.9058182775777447,-0.0007587005829630095,0.8757079528235495,0.011757761213535108,0.9328062243690706,0.006331512967752148,0.9437625708617813,-0.0018144833667826767,0.8746388423953566
141.0161676646707,0.0014343130859499598,0.8906646018343854,0.008272566430012274,0.7899571892133087,-0.0052010707330239015,0.9941818501874307,-0.00081491633126475,0.8937850367772995,0.00044429298266877664,0.8522101401512917,0.00873573466366742,0.8940226751867216,0.00980942416601418,0.8701697745364302,0.00019538965198075166,0.9491244137565534
142.0380239520958,0.00036664906594938764,0.9087455786016972,-0.000579501206480486,0.7792263602658371,0.0021144214639884844,0.9759506143664114,0.002488295608387283,0.866576932772981,0.0011079708255537796,0.8724138709029469,0.016438108662036707,0.8696894254963463,0.014225877458739863,0.8967532716241401,0.0016563812215313804,0.8792591893733069
143.05988023952096,-0.0004418161648005308,0.7897553896920702,0.0014729998647454042,0.859702044679339,-0.00641025326086377,0.8569853512705436,-0.001977051270248769,0.8411200842487757,-0.00043234111532318496,0.8842058499827168,0.023697319619920772,0.8890200507620687,0.005348176571141115,0.9281401046310351,0.001159981979686685,0.8777960904168126
144.08173652694614,0.0003751404017481526,0.7513449680805736,0.0019465369850280925,0.9232144226524326,0.002085237489919473,0.7595154779609163,0.0024193779549025792,0.8467962771024968,-0.0005376830498307549,0.8859745270227299,0.01142744108986248,0.9135253736770216,0.014481488994655966,0.8466465731162678,-0.0013502041554281149,1.0
145.10359281437127,8.22735113155513e-06,0.8298514882010044,-0.001894097515490637,0.9115359239112761,0.007656446301523962,0.8125265042081146,-0.0013368725252192125,0.8772325938772847,0.00247857740376719,0.9273304713041368,0.006434590905028704,0.9121855580592794,0.009871411594126038,0.7528931895378472,-0.0022625903916298554,0.9645649104266957
146.12544910179642,-3.3236627581163864e-06,0.8475615310867386,0.004715986991342595,0.8703816395797412,0.010479767469395522,0.8875951957711461,0.0015883635827090656,0.9083586548431712,0.0035331735632714027,0.9376527132419925,0.008742709363084453,0.9279230348584678,0.0002610117890614697,0.7654112174649471,0.00027374267808336306,0.7918418205166603
147.14730538922157,0.0014690744355575964,0.8140206845594247,0.0012809066035807267,0.8944332607560921,0.004115090604177857,0.8953619571311812,0.0020871548580668263,0.9330199902462508,0.003972124769252232,0.9323642821509383,0.007902989592589598,0.9739322596831094,0.011576108341503499,0.8209965255417642,0.004243251939060206,0.7653393585459969
148.16916167664672,0.005273945765946133,0.8502775988376335,-0.0015158307537176939,0.9707291967408562,0.004872184765299163,0.8269070593564717,0.005334335828072971,0.9655534724951673,0.001413281538297292,0.9800796112962087,0.006920353949552923,0.9968030542841506,0.003950868827449374,0.8334246537515486,0.004868036510096946,0.8811531194867711
149.19101796407188,0.0041364515734599325,0.8673535234277787,0.0014349695942116577,1.0,0.007939130081209432,0.7842030166630363,0.0039574489937782295,0.9917029214773487,-0.001244525508189868,0.9997769929972109,0.007090113288261364,0.9696072115211598,-0.0144823086963623,0.7856750035036955,-0.0021014158789193146,0.8516950055500284
150.212874251497,-0.0029453439850432336,0.8205525853292945,-0.0015508822862784813,0.9539099712958958,0.0011758401523081544,0.8244908531485473,-0.00038903451008338885,0.9928178415265944,-0.002129917168112218,0.9727662117561651,0.004726301472189066,0.9351258830774242,-0.0017952616678424992,0.7775595427925147,0.0005113160778553841,0.704325336371269
151.23473053892218,0.0009262391887855726,0.7922528857588439,-0.0025779330675075977,0.8746389205042301,0.0012197007977678847,0.8833182440180877,0.0012045906274241469,0.9924335560346722,-0.0009129570131957969,0.9746479353276398,0.003006958352978523,0.9274926709743261,0.0006987190508412772,0.8252516889858135,3.688487895332934e-05,0.708051519498937
152.25658682634733,-0.0020119089876159926,0.8134473284542135,-0.00028909944687565905,0.8531776032014851,-0.002276805443034907,0.8879139646795142,-0.0005692966926704056,1.0,0.0006391724365180484,0.9656937330518909,0.006042454851858937,0.9064121855402144,-0.0067914809188315915,0.7953140858979915,-0.0005913666668386835,0.8326094732490761
153.27844311377245,-0.0011812909968377412,0.7506689690806144,-0.0003757642446625689,0.9085982508063438,0.0033668504235927674,0.7859845093298536,0.0015337903850674898,0.984938186610524,0.0030176802146900583,0.9236689981296452,0.005373863759302999,0.8541313581641269,-0.002478198414825987,0.7026343440067548,-0.0018876373320092126,0.8423574339226808
154.30029940119763,-6.806235394733219e-05,0.6596046065989629,0.004856808000361894,0.9174106547089758,0.009404155381307431,0.6900114380790868,0.0006142156362633302,0.9548060310963046,0.00117771391057169,0.9057044652353708,0.005376542233944885,0.8236895097016109,0.007873057444616307,0.6711244753737414,0.0005815791836385346,0.7404932742537909
155.3221556886228,0.002308383900833246,0.663135137234579,0.0008358790496051278,0.8359483661144115,-0.001166989224428276,0.7551127133461225,-8.882636814896802e-05,0.9400799615196157,0.0014135579122161917,0.8783935030291061,0.005795717358801698,0.8111833266316629,-0.00753891948980342,0.6881160570133251,-0.0007092431917818424,0.7266122102822766
156.3440119760479,0.0023636425944941553,0.6541499218463992,0.00504653078586481,0.72846325325345,0.004205466822320101,0.8390879738777571,0.0028230202755724822,0.9147617350870957,0.0012807946072157877,0.8357010152768682,0.005248571378558281,0.7612560119408939,-0.006665822778085627,0.698668827229813,-0.003304253094494368,0.8266790602996166
157.3658682634731,0.0004695051620152509,0.5463770236333564,0.0028143644865715627,0.6859803686841871,0.001971798962834798,0.7971430953937827,1.2365156246436695e-05,0.8779958588186078,0.001018967489902541,0.8245995648486237,0.002928511173860558,0.688075634908682,-0.009396833470608865,0.6553448476511351,0.0035776086347203613,0.7930372931173385
158.3877245508982,-0.00020714891836141314,0.4712091482829866,0.0004679576931171119,0.669789209011464,-0.0031851255097158234,0.6569212215038561,-0.002996872534627639,0.8469053706506291,0.000881913780715243,0.7909538206902417,0.005030900547946936,0.6399836730686791,-0.021250609781124218,0.5838022611727259,0.001203177941950276,0.6109269556204794
159.40958083832336,6.324619956268697e-05,0.484815566926534,-0.00018293298011594168,0.6314046511486043,-0.005275508925572973,0.5828751932805307,-0.0025817490659619997,0.8098456109382681,0.000329994321627261,0.7298373021282173,0.005366788681051497,0.6122802557399183,-0.021687180006391082,0.5636950889203995,0.0036093521462482944,0.5330589004539898
160.43143712574852,0.0001503435199247795,0.45542066328401415,-0.0013337810302608494,0.5682318276137444,0.0032712452446605317,0.6139488666465502,0.00014625536665931272,0.7486739018506247,0.0009219126758898538,0.6915810492702728,0.006604269378890404,0.5653734056481533,-0.032294756855632295,0.5649292337864005,0.0009515959798632847,0.5856104280128005
161.45329341317367,-0.0036134278632807544,0.37718826113052206,0.0029741486064840655,0.5275152307198052,-0.0027340033071486624,0.6122256021435692,0.00016436939351119163,0.6823984514271826,0.0011275684113209498,0.6357327172464646,0.003993233204410437,0.5123095086387554,-0.019228368078286595,0.5003483542475406,-0.0028802216290823193,0.538884601473015
162.47514970059882,0.0003183625257845505,0.3758307177712517,0.0002953352358368107,0.5072294270429045,-0.0003683107495140556,0.5546592938215007,1.3626248959947311e-05,0.636862835797788,0.0012023967948979633,0.5829893449389054,0.0016518082542817153,0.4959126043518335,0.005724703560901285,0.4476596467576731,0.0031936753467718877,0.42211010368093926
163.49700598802394,-0.002307193506460234,0.4051683739842077,0.001988845889883611,0.5003005058143716,-0.0031143104782491784,0.47884043044719193,0.002149491835933146,0.6071920794046286,0.0009377037478924587,0.5648727099744112,0.0011264424082418447,0.48654178104194495,0.03147526358754601,0.43131130265723916,6.673295197044422e-05,0.39554662789869965
164.51886227544912,-0.0008175129976698611,0.36939027676794756,-0.0009297113110141554,0.47801165515335653,0.0013396681517638574,0.4185377677687231,-0.0028386971768219233,0.5627133763182771,0.00039650668576438747,0.5037509327233473,0.0014102882237417382,0.4353609023510733,0.004673149195145467,0.41222263019446564,0.0003784795928746028,0.4442494492173098
165.54071856287428,0.0026709224473058903,0.30157520725582,0.002967761522707079,0.40800969352624017,-0.000513823723039349,0.43253014909758286,-0.0017579876598671936,0.496313589495953,0.0002773096055095906,0.39052662216489686,0.0007938322043736278,0.35563325797234474,0.00330921088677864,0.3971912646296079,-0.002957000037141147,0.426663582454982
166.5625748502994,0.0015122248678613908,0.2497118874505461,0.0017250578605952473,0.3131798535256467,-0.001844093380784616,0.4681867082360806,-0.0009332823420916079,0.419098724784244,0.0011341231413925863,0.296773042848692,-0.0006579842578342897,0.27582154078653925,-0.013880065293997676,0.3427648239935739,-0.002790992853279594,0.3234371106983637
167.58443113772458,0.003064770341134816,0.20422716223492174,-0.0012490052098927738,0.2296125701309348,-0.0014527901153574966,0.42757265294077434,-5.546704777621801e-05,0.3149426525111761,6.263818707803433e-05,0.22150647222911768,-0.0013091131813501944,0.20143848501382602,0.018309524067818383,0.2536268752456681,-0.002554266890474672,0.2484027471742124
168.60628742514973,0.0022678316623216794,0.1564767783447705,-0.0006375730341798839,0.14610891405111778,-0.0028993188215436574,0.2985088522528411,0.001715613861616861,0.2200377930325572,-0.0011257594090341137,0.1516332768121353,0.0005011965393083063,0.1328791557418633,0.004917084743644355,0.1978804456087921,0.0006159112556359831,0.22204686731480047
169.62814371257485,0.0007128654926135054,0.12823127483988184,-0.0017484568569819709,0.07271456343659552,-0.0011709811078206055,0.18757293772309205,0.004857787100370812,0.14823404696125803,0.0007153211054307009,0.11288601003929062,0.0010665043964902376,0.08385973160685448,-0.012052774106139818,0.18137307906282488,0.0006318863650208949,0.17713250894210816
170.65000000000003,0.00025699579939675386,0.11645938982036765,-0.0005339679435830472,0.048953330634458066,0.0006671094584141659,0.13853585525819836,0.0031839355818836968,0.10034599841514587,0.0001503811537566682,0.09678191984777014,0.0007188851643372342,0.06220374397033005,0.007650948246636954,0.16850846988532261,0.0005032564138507243,0.14177132188674701
171.67185628742516,0.0006865019760772954,0.100476585053198,-0.006286886066740267,0.03551640083678682,-0.003102237803720269,0.11680349697258081,0.0061341216682568355,0.07531147832404937,-0.0015444850492918037,0.08049731795840273,-0.0001799091183601574,0.05501753833927122,0.015346668843475849,0.13605347745638102,-0.004672712656905541,0.11559928661154922
172.6937125748503,0.00015871212963619876,0.07355343262656472,0.002178056549152117,0.023542605556917406,-0.0007563113320501604,0.09335396453714018,-0.004864736227467617,0.06095506843526785,0.00012307561482322602,0.0601942636618111,0.001818282477014395,0.04810466579015179,-0.0035425462422584986,0.0977322039386943,-0.00281637948276009,0.08478078373158764
173.71556886227546,-0.00396097701787212,0.05578052002963825,0.00524430344445221,0.014932486530619717,0.0004834186136545952,0.06682798349474822,-0.006233197826317743,0.0495245723566348,0.0019979023821760197,0.04343651671976429,0.0009073378269506564,0.038217413670243505,0.0044648410815830795,0.07667100071409619,0.0015283409156019048,0.052107754625393805
174.7374251497006,0.0006877966091541969,0.039506759034562425,-0.001259525463818782,0.014341161860317394,0.009767883007358206,0.04960581491680564,-0.0018272618338159889,0.04333580371098324,0.0031780846356499522,0.03417393828991394,-0.0006248570971737015,0.029444689774816974,-0.01386863513236305,0.06185292182548776,-0.0008357101514725055,0.030505775022514902
175.75928143712576,-0.002882404402326619,0.02748891555161469,-0.0014298919809738113,0.019902577014087562,0.004003453844884538,0.04403738114486579,0.002935323189753779,0.040147151660223264,0.004328997406747781,0.027597767389985272,9.266267452369057e-05,0.023009316929411265,-0.014300137690033606,0.043341278614664136,0.00014479721032519514,0.03574405381016629
176.78113772455092,-0.0008631849947330557,0.026480868108952532,0.003943258141857354,0.016970647188174995,0.00022312077425344187,0.0370295502487947,-0.00013845749399899084,0.03290271630812155,0.001405708749244301,0.01725529120991437,0.0013967932941723869,0.016834886722769848,-0.02072452804184883,0.030798249643932775,0.002553655329733308,0.0327178858067553
177.80299401197607,-0.0023651365228981036,0.020702503807407617,0.002976811388214568,0.006486262181978551,0.00017735253918506897,0.029594414417469562,0.0018226242887377695,0.019955276895753753,-0.0005484746769273796,0.008080373190285973,0.001664206448807695,0.013677824163061736,-0.0007868060847709609,0.0328134788656218,0.0035194566298047065,0.022387700663898807
178.82485029940122,-0.0006175980487714349,0.01520810043016548,0.0011434358960189853,-0.0004292655343025765,-0.002933495849612392,0.023312096452635756,-0.0015055046011451531,0.014264356002054132,-0.00014312314913676207,0.00303180458552018,0.0010437640035899534,0.008799309361498756,-0.011910658111661003,0.030695183104881753,-0.0011484059831454764,0.014357611194945007
179.84670658682634,0.002122013267614558,0.008161591393800967,-0.0005289095196513239,-0.0029753495200059363,-0.0037376804635724735,0.020102814886200086,-0.0019817711785660706,0.006132085613670685,-0.0004739601377116192,0.0006995297228543338,0.0005666813943660388,0.002530931180991937,-0.016219456682622375,0.02434428738659476,-0.0006734757875828178,0.016918382053750774
180.86856287425152,0.000679652041698188,0.010439162235672225,-0.0014872261663764776,0.0021705306467551975,-0.0031494758676686068,0.020763351859850947,-0.0005805583054780189,0.0018020885994971326,-0.0009287851171644708,-0.0008244609583647983,-0.0009548340558821634,-0.0005678097258026807,0.0073205640264765726,0.011933759255302137,0.0015141996926210691,0.018711042697223648
181.89041916167668,0.002588295047002047,0.00013943898315699763,-0.0017716468226587484,0.0008348794073008966,-0.0035747919734208716,0.012840590955540477,-0.0024651542558080546,0.006130158364333253,0.000980157164806563,-0.0010460805416422601,-0.0014542510224085695,-0.000533102763604135,0.029280564133829685,0.0039284400978775585,0.007747992439908285,0.026492919366544892
182.9122754491018,0.0033027582158082747,-0.004578047653407689,0.0017202543666305448,6.780267819890872e-05,0.0003156111650918016,0.003161429081020501,0.002679024298734102,-0.0019115604800903612,0.0010431105393692798,-0.0004572567216157283,-0.0002458818877585703,-0.000664554096053467,-0.008565321787162612,0.003761778658611182,0.005993509781816801,0.013263595035719843
183.93413173652698,0.00465961633218001,0.0007181785392565949,-0.004200036777328321,0.004558237306788719,-0.002295522519082173,0.0017063459052647134,0.0019245262562275476,-0.0011567618014097173,-0.0004867568742130427,-0.0001463110730383008,0.0018434156868884274,0.00035547313660988674,-0.004335812250975359,0.0022028445984643764,0.0004388602250997835,0.007553641885775518
184.95598802395213,-0.00013661960044434132,-0.0009418520437680739,0.002177282234199608,0.0017272842579627785,-0.007876205465724621,0.0017008502682188604,-0.0003335022279156101,-0.0006022235734830779,-0.0012240728802408853,-0.00021934315667241445,0.0008673174052252412,0.00010024390363240043,0.007480297585424231,0.0008152142085217963,-0.001220937432953168,0.0074734680431397015
185.97784431137725,-0.00032235357473500004,0.00211579777253236,0.004162473144715989,0.0023609470777101326,-0.0015981669987851217,0.0011817385468185263,-0.0002974859378711153,0.004546611975725793,-0.000537068443641081,-0.000743969238384407,0.001270666947756543,-0.00170973883885391,-0.02395709347671204,7.787142209165739e-07,0.0016085101350069883,0.008490825819315952
186.9997005988024,0.00021680855631810806,-0.0022253124690298637,0.0026497067158052527,0.00138633153721295,0.0007553568629842088,0.0012751095354324364,0.00010052486527174831,0.002037051964089572,-0.00012109189510199614,-0.0001581129740728564,0.0006199051775019567,-0.00025817375689109233,0.006195323721747719,0.000321874677684197,-0.0037039793458659162,-0.002373437697476183
188.02155688622756,0.001671558692469804,0.00017024726611672078,0.0031325148800685704,0.00248134861018652,-0.0011815896857605773,0.0005816570608877454,-0.002281133525403521,-0.0027439960310833428,0.00033401068233906376,0.0019293832339925352,0.0023289243359246883,0.0010021426287821831,-0.007793985743355953,0.0013684618407724483,-0.003620094125927035,0.008683004368548939
189.0434131736527,0.0021106042288231955,0.0014132954242004239,0.005987644141145781,0.0020743810508711035,0.004389091046363529,-0.0004764836971490867,-0.0023251077483839003,0.001715769845780957,-0.00065908768610871,0.0005663051667201698,0.003387267565245278,0.0023486582888858584,-0.013525934947421108,2.757549114149771e-05,0.004214863099182658,0.017044453011830673
190.06526946107786,0.0019706662200452796,2.9382176115430566e-05,0.0006468826097707047,0.0016134677777779741,-0.00232527591198691,0.00023641642810888914,0.00017714862854486177,-7.638342072703966e-05,-0.000443297264211987,-0.0005228836577280543,0.0022854068062033587,0.002576293958819256,-0.007299454991027459,0.0009282559368258913,0.0014027736979801409,0.0023241024830839532
191.087125748503,0.004703938286863885,-0.003873261707371244,-0.0010956989392188993,0.0018283104352951806,-0.002709731259953491,0.003718472768028083,0.0009145855049323831,-0.004175287027141298,0.0005588495164624464,-0.0018846243842519852,0.0007690495591524905,0.0007813393232944104,0.004851485203435202,-0.0003892014607495443,-0.0028448087222758354,-0.002534054326432076
192.10898203592816,0.0011914052630518166,-0.001276515105456443,0.004866839434778778,0.004600643924914851,-0.007065185196813762,0.00012375951762553462,-0.001022873868616516,-0.006052606332984371,0.00036613580435650216,-0.0022405333382676303,-0.00017388929902272248,0.0009130880613480327,0.010923365847330686,0.0006379185364630293,-0.0003253602182606266,-0.0014823620188362285
193.1308383233533,-0.0018418941273363612,-0.0040775850464891085,0.00459683904490334,0.001169599625175422,-0.008717561696197472,-0.0008889507456250043,0.001088879619186611,0.00034524100468079523,-0.00023544148977966374,-0.0004996492636468682,1.7068699227229035e-05,0.00022281319170917423,-0.014922055442211507,0.0006009332227809632,0.0017103834836674366,0.004369570032001944
194.15269461077847,-0.0015421008841893513,0.0011040999441919452,0.0004624961102000894,-0.0015137533409051392,0.0007458739959280782,0.0004811128363293739,-0.0011426046511011931,-0.0019175848260391285,0.0007510514390730958,-0.000591988939308483,0.0034814753753232017,4.953234413845059e-05,-0.017588149732639047,-0.0003814600012078907,0.0008348385796435204,0.011607749373356997
195.17455089820362,-0.0011450637068556712,0.005572445456834743,0.0015561151172585827,-0.000656095049693551,0.0027500365319587973,0.0001658872673350423,-0.00017887628812456898,-0.0009702513349652276,0.00169055091336935,-0.0001872345804143829,0.004278049179300901,0.0015364273906264276,-0.02130313843802921,-0.001305389490094537,0.003616831388835561,0.015369032179442191
196.19640718562874,-0.001264914614462551,0.002781437367181245,-0.0014908039523952913,-0.0007016775782765195,0.0011104973089903815,0.0005077685990695106,-0.00020222342796689163,0.0009023961266406026,0.0023182863509624337,0.00015552101502803144,0.002454751191086288,0.0009133751468032084,-0.020543136388268424,1.7463691075981605e-05,0.0006171464183510392,0.0006489287289434539
197.21826347305392,0.0017333376593105028,1.934492798752631e-05,-0.0004005841718360504,0.0007408891435943219,-0.0027258711831951235,-0.000775859439835263,0.003498518892989644,0.0004773131055561254,0.001082340644837909,-0.0012953632868087314,0.0005145181377928286,0.0013753537905681656,-0.0036377253615362077,0.0020199327361109824,0.0009089746114317067,-0.004716319401398589
198.24011976047908,0.001566201829888226,-0.001477029822387133,0.0005419262368480194,0.0019006612732391129,-0.007345395437491182,-0.0012294234620429982,0.0014950657115722504,0.0030956803051241277,-0.00037739673339439296,-0.00045798144012740294,0.0013650676809318371,-7.821059259846812e-05,0.01712733029918111,0.0007772674561195672,-0.0011726801350702043,-0.004248495279665488
199.2619760479042,0.0006592641785241315,0.0018882767208382762,-0.0026441868194693775,0.002277623158650759,-0.0036719060497718966,-0.0026036377272117836,-0.0013725469600437495,0.0029022476577021603,-0.0007307789100972788,0.0001753151252564215,0.0004499388948704477,0.0004070272289537815,0.000561948976004259,-0.0005869829733721958,0.002741763882977461,-0.0005638199042295556
200.28383233532935,-0.00011777939339510947,-0.001320935073821325,0.0016259647763756482,0.005638763655342688,0.00028961312517743925,-0.002322741068034544,-0.0055527901445582015,-0.0022713646000221124,-0.00014793236134102094,-0.00040767513807187953,0.0007038255678112534,-0.0005201946231956392,0.006040435688077687,0.0009680850418941344,0.0027343332505104802,-0.0034460734832143557
201.30568862275453,-0.001700017425089907,-0.002599056825227159,-0.0007650866100270976,0.002853928959884074,0.005056909680744276,-0.002319527328490815,0.002467483767213804,-0.0016766825135828948,0.0012857019229174215,0.0007259850391487889,0.0030953572093314775,-0.0011885211161069011,-0.0017002797286518882,0.0004051718049595616,0.001133310655978883,-0.0003909299223078495
202.32754491017965,-0.0010129871649510794,0.002310408279088119,0.005313205648972236,0.0005789330162098845,-0.0014416824813051473,-0.0011888863859927953,0.001442498297498167,0.000716201036002206,0.0010241123659905805,0.0005890242130242157,0.003482351052657402,-0.0013522234194096182,-0.026483962472419832,0.0008053934503112505,0.004858540401883487,0.003239430268523297
203.3494011976048,-0.0012999480365394932,-0.0014541540257311258,0.002851929679183337,0.0001373366013155424,-0.0030088204514388405,-0.0014126187189120365,0.0012758784500585486,-0.0012906701283572947,6.968044550048196e-05,-1.7102043213422037e-05,0.0011873128962277906,-0.0024836799462502022,0.0008307157200979537,-0.0011463124230897395,0.0019515041308849393,0.002218025698689393
204.37125748502996,0.002593474362951852,-0.0008102198103960008,0.0010773002697873134,0.005205954422588872,-0.0019588903796693563,-3.3251089242660676e-05,-0.00037271496857603406,-0.004351475119198305,-2.220917354418109e-05,-0.00031135588273287267,0.0007037103277342076,-0.0006892690897475494,0.02416411965506617,-0.000783681017611291,-0.0025544939051136964,-0.004966894295819618
205.3931137724551,0.002276759096667848,-0.002894105678227111,0.0026835075448985086,0.003575802284315329,-9.698151955327871e-05,0.0012942440250830166,-0.003645609942088414,-0.0007772619314241601,-0.0013333223276017412,0.001898374252275439,0.0032156239747376174,0.0011932561070128482,0.014584063794460122,-0.0006014482340149153,-0.0015110887743442106,-0.006214556031819637
206.41497005988026,0.0031977203277769586,-0.0015667825341752343,0.0007992000192338805,-0.002379820919927191,-0.002750502765408437,0.0010438111612126259,-0.0009481346378491029,0.0007081560416951491,-0.002141036879425845,0.0023398731767225642,0.0015213521529566254,0.0002991667232843517,-0.004015472346246227,0.0006619649028782016,-0.0033572383775535924,-0.004839077101949695
207.4368263473054,0.0017084325928247524,0.0008205598681296694,0.0012505942132713958,-0.0004872113163245362,-0.0010490185186765142,0.0011509152715237314,0.0021879959142825814,-0.0005418040691941366,-0.0015432851292013243,-0.00048233221105471323,0.0009173286824679813,0.00019250798702845275,-0.021658550865594775,-0.0001971809719099626,-0.00343782936217754,-0.008055565275209136
208.45868263473056,-0.0014149568957563074,-0.000546566946282879,-0.0032208617049559163,-0.0002674016917087819,-0.0037862807128613888,0.0023963529963663788,0.0033775897361373428,-0.0017899844745254783,-0.0010459756015547795,-0.0018349049468570017,0.0008102257814695223,0.00043105387660450294,0.009910075507513157,0.0005034574013921761,-0.0019037161000735538,-0.00824512926465689
209.4805389221557,-0.0012574382579029805,-0.0015608122851558596,-0.0019578076511805897,-0.0010077377543935661,-0.007833022205675704,0.0014541416844679952,0.0018222531911011957,0.0028835082120935345,-0.0019361183095639883,-0.0016119036871185665,0.000924697253663357,-0.0015401660296750913,0.009324393985579413,0.0012065425437967116,-0.0006426811019363584,-0.003823247828507074
210.50239520958087,0.0015907601985301737,0.0006938264046382283,-0.0013255344645028914,-0.002205483404090512,0.0014763788052505695,0.0027385339936326913,-0.00046295788079460365,-0.0014513746793336502,-0.0024333540454005145,-0.0013397540550669114,0.0011858082644909168,-0.0015050864441092382,-0.00043517218389655196,0.00031551756165593223,0.002742656188281334,-3.716945599052925e-05
211.52425149700602,-0.00021237482793939734,0.00036420426001124666,-0.006435822641499868,0.0005947219394819357,0.0023106020209158772,0.0013458252720037532,0.0034062430901489107,0.00010264008299668832,-0.0006578579392974519,-0.00046678861141442526,0.002417576090913528,-0.0005934002938700805,-0.01738797105525722,0.0003740583364502527,-0.0036110610749433753,-0.0042251473810088975
212.54610778443114,-0.00011613886354174044,0.0049185291950661555,-0.0030388457303293457,-0.0005687348507032077,0.0031026554515399215,-0.0010021644706354848,0.004406245606302947,-0.005485237729864756,0.0017999912152921954,0.00010723947765671544,0.0015578280230185248,-5.5480590029730536e-05,-0.025293747874714948,-0.0010526742283419256,-0.00279987640950658,-0.006983760525211184
213.5679640718563,0.0013220808445575485,0.004712526247862195,-0.005614937198705041,0.004305762370878901,-0.0012942970944041523,-0.0012237426100974124,0.0032725164528759638,-0.0029763139585684334,0.002352199422237497,9.297248027218067e-05,0.0018195141043971061,0.0017879353680073898,0.002176106182750409,0.0033232904756876486,-0.0035802514335673513,-0.0019378362792606847
214.58982035928148,0.0011226563178842015,-0.0022591332655650773,-0.004649524817290772,0.0012744208919559837,0.002592095568563998,0.0005957318501602652,0.004425258366504791,-0.0019542025096264703,0.0008654771068873118,-0.0013729457106745507,0.0021416685211377113,0.0020379309215437388,0.0022274254411671795,0.0028321445517087472,-0.000930130641317864,0.007202615530160884
215.6116766467066,0.0003974036831524424,0.003752096515990893,-0.0020345859625736464,-0.0038145056605134254,0.006429193142444277,0.00012299051717715338,0.00355345762771553,-0.0033478648264732235,0.0015264928757029578,-0.0015786897830143345,0.00249294429992161,0.00027673366692478746,-0.0006984290148930775,-0.00028209921350144613,-0.0002760409850807701,7.244234620524799e-05
216.63353293413175,0.005806507412214674,0.003575221851065778,-0.001703815648807451,-1.4572188577648897e-05,-0.0020893439760248434,-0.000781864068331339,-0.0018871297319537845,-0.003578839093014421,0.0008965483881576012,-0.0003939514136948575,0.0008262286434259759,-0.0008668294506715408,0.007316692971981481,0.0009129894697181834,0.0019223887814077462,0.0058266715497268156
217.6553892215569,0.0010379011187591374,-0.0012223002696180134,0.001007502048078493,-0.0062847106857070335,-0.0028150991284207148,-0.001880136269018008,-0.0017664900887114394,-0.0012167642503214111,-0.0005827872935594015,0.00028382822190178804,0.0002770411894478751,0.00018026142704423778,0.0039002916103744287,-4.0307841199440805e-05,0.0015561799770496313,0.017073202783145315
218.67724550898205,-0.0010427957474288033,-0.003722256235254184,-0.0006807086223675466,0.0004542596812570484,0.0020443440047580976,-2.764088209283991e-05,-0.0014317458492560731,0.0007696340164698929,-0.0002613229810858616,0.0010041682736463154,5.378474769838717e-05,-0.0004633392444368707,0.013786845975238429,-0.0013680831890707716,-0.000258179943860386,0.003009081280520368
219.6991017964072,-0.0019025059417277239,0.00037675395039264584,-0.002679668766500675,-0.0014013434042202842,0.0005621564350510249,-0.00015063284291505095,0.0005540591423065294,0.003095105028976322,-0.0010393411309198787,0.0011875784319928843,0.0005464300707880045,-0.001529412207320525,-0.0005859525533093516,-0.000959769630315959,-0.0004929186708834974,0.0009053633850732705
220.72095808383236,-0.0013461524021079311,-0.00607264627864292,0.0009457235748902148,-0.003341802735361907,0.002537320843085185,-0.0037490244994664995,0.00047902403929965466,0.004101859593783148,-0.0004126814651063172,0.0016508862680077287,0.0013240107157835967,-0.0023092992269927,0.004995060888108776,-0.0010827364438447944,-0.0009373242151783083,0.0035243869304882923
221.7428143712575,-0.00039920430428703476,-0.00456837906621271,-0.0038831271861744566,-0.000953004964357075,0.0002194023041749412,-0.002080999523969356,-0.004151741630424546,0.006914911033832922,0.0010456323546673618,0.0012196250014150393,0.0019083342242143613,-0.0004898685911319377,0.025060001430074485,0.0008307668639769444,-0.001207131847918969,0.004430956025957233
222.76467065868266,-0.00027397726909403195,-0.00026903580236400097,-0.0003816394086725414,-0.0012608229204552894,7.45472663294275e-05,-0.0007708405944644707,-0.0034000663033125597,-0.00013993639238204028,0.0018171138112808688,0.0018053634942302769,0.0007484874405173877,0.00047770614100072677,0.004119159865969697,0.0014155589134484646,0.0007048482863281072,0.006823991553044274
223.7865269461078,0.0016643101004207223,0.0016800852912194754,-0.0001609485400053078,-0.004196968622937594,0.005277878656658149,-0.00017201299373450726,-0.0016599871042324076,0.00039196491553243287,0.0009966992111313298,0.00213625017277134,0.0015263950653594963,0.00013613610383549372,-0.007538335218866097,0.001033402587511535,-0.00434356575627042,-0.004101417965599999
224.80838323353296,0.0020865907513302703,0.0008215467194519477,-0.00128489751034264,-0.00042292526514700867,0.005402701445088341,0.0007322388474120705,-0.0004239468452837631,-0.00047589834043587295,-0.0012168272372671566,0.000758573689789545,0.002710555535248711,-2.9192868196747765e-05,0.0009281137459806617,0.0016056031468334364,-0.0007930106125910304,-0.0014848203054160492
225.8302395209581,-0.0020733222941714717,-0.0010188161603824355,-0.0009013788611992007,-4.5516563072704525e-06,0.004051021464507638,-0.0002579036798306041,-9.62427706772335e-05,0.0031256460834875217,-0.0016079516236429782,-0.0008164829963056395,0.002914654220400268,-0.0005686214453372993,0.02085268101619088,-0.00030788627606710326,0.0006128573957146163,0.0022578806017307003
226.85209580838327,0.0015969198120432458,0.006835610484928883,-0.002148263843029982,-0.0028920539775443505,0.002901847815546997,0.001345086717969129,-0.0005448956270742128,5.9701780784278875e-05,-0.002341307138477777,-0.00037517631881398917,0.0015769581222283239,-0.0011015617207670142,-0.01351366765106964,-0.001060769000770684,-0.0007180025673272749,0.0020051868024480216
227.87395209580842,0.002097099281493596,0.007152371940204801,-0.0016313754549610968,0.0010931226823158975,-0.0008797217485788646,-0.00040396674676875503,-0.002920544099865543,-0.0011157347627060552,-0.0020855183925673573,0.0009891987882465567,0.0015941210577557268,-0.0017003180221979082,-0.009617607596798866,-0.000438590782092513,0.00024115124285090572,0.009981763229049541
228.89580838323354,-0.0029969607736499864,0.0003554541364409571,0.0019154960330959687,-0.005016643403659414,0.001629279560093718,-0.001935917245133579,-0.0028814196103795937,-0.0014604364425357672,1.561225155342406e-05,0.0013534857107039716,0.001330195186068191,-0.001915666075856742,-0.017961146986628578,-0.0009700559134068904,-0.0012427066443625409,0.007772307643171807
229.9176646706587,-0.0035025780543299096,-0.0035059898689145342,0.0014874932512991994,-0.00322706888733569,-0.003949229481838532,9.320405618711976e-06,-0.004034380715061805,-0.0027650592915377655,0.0007494858560032603,0.0001818977623402752,0.001144294500336255,-0.0037803870855396358,-0.0021976287269004353,0.0013327890855695734,-0.004610726238017619,-0.008387981957280223
230.93952095808388,-0.003325806602722819,0.0005642351971208015,0.004794604979255643,-0.004042964043177875,0.012541223198023782,0.002317285487470223,-0.0019107957242091914,0.00042011282273293104,-0.0008971055568974761,0.000532812917812316,-0.000461350378048508,-0.0036036197503754473,0.044026229511517634,0.0019491617176214634,-0.0033153939958537075,-0.00465859122917117
231.961377245509,0.0003840759691209674,-0.00010110591492234278,0.0007431083606313382,-0.0016239555774573513,0.016080858904438316,-0.0009421337739960699,-0.0002361880687492559,-0.0017347183155059836,-0.0025586910567959456,-1.8296420282216475e-05,-0.0009521987268841143,0.0006023267006819606,0.018149729590361995,0.0011831929583567963,-0.000537646693018155,0.005228320873993891
232.98323353293415,0.0012644773955434098,0.003080642032738941,-0.0017272315773641362,0.0007269878294467123,0.008484663181147966,-0.0003252902107183662,-0.002401153045680823,0.0032734914251862143,-0.0009000876986588993,-0.000678041949762511,0.00040925667151786246,0.000864593323522038,0.0016935258195408035,0.00017690732521086314,-0.0017605596622794818,0.0016189912010174258
234.0050898203593,-0.0013351376525451084,0.0018915010020832618,0.00042043702210005894,-0.003350236650611616,0.006093668006458268,0.002126598074722674,-0.001013707400256754,0.005309127448539955,-0.0006552850098722231,0.0010867848886910374,-0.0006501184928161669,0.000535374734517169,0.006102352416353025,0.0002322404492665219,0.004722650748284441,0.004342202962082413
235.02694610778445,-0.001084053381738961,-0.002912966156518027,-0.0031840319930337493,-0.003345968552871266,0.00919271326215683,0.0013653441351852893,-0.0016831946260993844,0.0006828398044412917,-0.0021746964665360076,0.00222907173185827,0.0010991624328213832,0.001198990677647177,0.009850950372132294,2.0685729039650924e-05,0.004473083383224744,0.00425601180466472
236.0488023952096,5.119684877941969e-05,0.0005643602493773953,-0.0001621917348642986,-0.0009146572748815585,0.0090086037574,-0.0005137852269479121,0.001960238630034944,0.0013508786261947072,-0.0031157642682805476,0.0002575663975795902,0.0025130352366402055,0.0006629623315522256,0.027139045352232483,-0.0010753629749467287,0.001393017958864918,0.0026445017612549207
237.07065868263476,-0.0009218918978792942,0.0016352269398912816,0.00019048617799824024,-0.006664649827772559,-0.0023498135030662957,-0.0009454979301025503,0.0002661300323527547,-0.0030258085967395693,-0.001479638024210075,-0.000970499618661514,0.004426416823430737,0.001095717720756184,0.036682605874567106,-0.0018790686217546922,-0.0006610561706645343,0.0018551277466214398
238.0925149700599,0.00102584679215309,-0.0040797698543751796,0.002449958971436276,-0.003830987230071448,-0.0018202820404613611,0.00020454119158941865,-0.003188753355239344,0.00017955500632886343,-0.00012043128635618453,-0.00020883137445213638,0.0029340559302068444,0.0006757201224758395,0.021928129309620084,0.0013587632526620953,-0.00039860198927839905,-0.0011982400768738818
239.11437125748503,-0.0010695360847629855,0.00043065462552237526,0.001616029790899834,-3.339136245201746e-05,0.001763722064977334,-0.0005289591176063062,-0.005003528107626191,-0.004224506698100656,0.00023979071456463157,0.00047401755541387773,0.0004675608410304429,0.0016672092157423092,-0.0009505332767270802,-0.00030703032022602616,-0.0027924625606122514,-0.005548550804598823
240.1362275449102,-0.00032429831770614003,0.0008388634613693713,-0.0009270748494217263,-0.0006400460545530118,-0.003897961358467202,-0.0019397315203069133,-0.0024756227105584743,-0.002692300019581007,-0.00035395266869395485,4.043819810700471e-05,-0.00024845604700330395,0.0032137624246828217,-0.0025284934325192194,-0.0001672839314978417,-0.0006877128838811558,-0.004543764366251939
241.15808383233536,-0.0007050334414890583,-0.0019831009310753833,0.0006930067104109203,0.0011042093492690053,-0.001230556007870059,-0.0012016106754022013,-0.000957660130852525,0.003348835955665594,-0.0010660736367627682,-0.0011015322347174322,-0.0004806855732642874,0.0012075088788370118,-0.002676048457647998,-0.0016323501818098604,-0.0010740708161563809,-0.0037355622637715354
242.1799401197605,-0.0016721779062907711,-0.0003972905445027444,0.0032052093955335457,0.006194326448043351,0.00030141255142675575,-0.0011573965164935558,0.0028622435139604337,-0.001953356689768555,2.8827693840202673e-05,-0.0005757277208640854,-0.0002959116881925075,0.0003529190272568082,0.0022765401492544544,-0.001653747995857495,-8.029129662705985e-05,0.006170682852345106
243.20179640718564,0.001101846022110932,-0.0010338504342825628,0.0006087531900767299,0.0051007247748411045,-0.004813253753566574,0.0015835000808065434,0.00459843029521367,-0.0037547510432397427,0.001528283654115832,0.00023830574397361222,0.00018313044556605095,0.0019361669932373257,0.004256917817206971,-0.000945691355762083,-0.0007521502513562262,-0.003609564971368213
244.22365269461082,-0.0028005830987270527,-0.0020253418508494486,-0.001566113051175165,0.0024174103182826134,-0.0064112568146093936,-0.0007686062932154458,-0.002000920706307314,-0.0006966147533216103,0.0010301369084387787,0.0007563049249102695,0.000803478483232897,0.0032968865522773018,-0.01844180115196746,-0.0003417959978728556,0.0028749303265988356,0.005983468161637155
245.24550898203594,0.00018731009663857138,-0.0030575912499087956,0.001293170516551196,0.003170416210640937,-0.0071040293053262074,-0.0003995634022884617,-0.0009471115384304921,-0.0015674623568660818,-0.0011206910001142546,0.0002802732585957885,-0.000665236313833695,0.004277683930311995,0.004654426126729092,-0.0012326598519304512,0.004660505899961834,0.006547397420796711
246.2673652694611,-0.004912267963199419,-0.002815913633933836,-0.0002533608362142007,0.0033995067898867156,-0.006823640300188059,-0.00258490282547464,-0.003286356311464366,0.00015347195983200535,0.000428676890721492,-0.0012670086882073442,-0.0006722650808286511,0.0055806390443071015,0.0006358235060502513,-0.000851120368068861,-0.0023126299267321434,-0.007050101995555662
247.28922155688625,-0.0012655223388842631,0.0012337043104681973,-0.004983366139198229,0.006102925224318871,0.004848857040559065,0.0023902778572912485,-0.0012058755571548168,0.004603116547656957,0.001380696424046794,-0.0012669766012681897,0.0005561134794917878,0.004225184739918571,-0.01050358537443423,0.00034345225725269165,0.0008261990062701453,0.00029264756298902
248.3110778443114,-0.0010561987653829766,0.003841263586826439,-0.0024016091927001417,0.0028195466084657023,0.004705960868033866,0.0018724453782658342,0.0008573957075470527,0.0017627624955292244,-0.00032469875863543204,4.403855523398741e-05,0.000661034210119153,0.0029767286101826038,0.01784597239305323,-0.0014581974492862374,-0.0006818172986841464,7.071796091559209e-05
249.33293413173655,-0.0021759848170580316,0.005247512508063056,-0.004626035789925502,0.002741801101268926,0.002869488481886647,0.0013582706766434186,0.003425986999395702,0.003493404268698655,-0.0013756262098076023,-0.001462335137819584,0.0009146320526249433,0.00331620159284347,0.03793893771462191,0.0006432046462979895,0.006443614783696043,0.004952967043168889
250.3547904191617,-0.0027105609704644665,-0.0009620752087100688,-0.0035644810975345017,-0.0003723996512639732,-0.0008701038527915365,0.0052651415637130885,0.0024539290297696447,0.0006702979482840801,-0.0017786964205587334,-0.002529570692937559,0.0005378308761754462,0.003635232306266798,0.014621653297597362,-0.00013943852374430612,-0.0021113292910598844,-0.007971496802178096
251.37664670658685,-0.0029988382596609344,-1.3916939089932599e-05,-0.004572357799123063,-0.0007118336144306091,-0.007655561898355641,-0.00026996484242994664,0.005510459327211725,0.0027090883837951316,-0.0009346598550616596,-0.0011623922885897046,0.00017581372991410082,0.004737460465423435,-0.018572366530349823,0.001234415031396273,0.00019646084715619104,0.0003697403588436528
252.398502994012,-0.0012040018833454475,-0.0009107253118056199,-0.0039474933702666635,0.0014387974024733948,-0.0027006049201913837,-0.00020715285227353652,0.0076689824437560445,0.0017327094413030588,-0.0007846060528200116,-0.00045387358929551943,0.0005664218320651775,0.0026354461152137457,-0.02015049371931298,0.0010242620714487078,0.00039127262452716465,-0.004037537159735719
253.42035928143716,-0.0016350586408114096,-0.004675949883253267,-0.0013986061905200834,0.0012768290107935017,-0.0018299185966733642,8.664584840084867e-05,0.0005025471363508642,0.0041642579349101365,-0.0010830598196797288,-0.000795559301194968,0.00042485884470673665,0.0023553787399503354,0.003782714181331442,-0.0019296140158635087,-0.0013251217249081837,-0.004638223330120054
